log,text_lines
RPlog_16_ABY_Imperial_Gala_Awards,142
RPlog_16_ABY_Imperial_Gala_Ball,103
RPlog_16_ABY_Imperial_Gala_Celebration,52
RPlog_21st_of_Selona_Action,85
RPlog_35_ISY_Competition_Banger_vs_Black_Butterfly,159
RPlog_35_ISY_Competition_Banger_vs_Chance,90
RPlog_35_ISY_Competition_Banger_vs_Slush,114
RPlog_35_ISY_Competition_Black_Butterfly_vs_Slush,125
RPlog_35_ISY_Competition_Chance_vs_Slush,116
RPlog_35_ISY_Competition_Vapor_vs_Banger,246
RPlog_35_ISY_Competition_Vapor_vs_Slush,129
RPlog_A_Bad_Start_with_Ozzle,128
RPlog_A_Battle_Lost,269
RPlog_A_Bit_Of_A_Situation,79
RPlog_A_Blast_from_the_Past,221
RPlog_A_Bombing_How_Quaint,14
RPlog_A_Budding_Rivalry,33
RPlog_A_Business_Proposition_on_Kichnar,345
RPlog_A_Call_for_Aid,21
RPlog_A_Capital_Duel_and_Assault,70
RPlog_A_Caspian_House_Warming_Party,436
RPlog_A_Casual_Encounter_with_Han_Solo,61
RPlog_A_Chance_Dance,26
RPlog_A_Chat_In_The_Park,26
RPlog_A_Chip_and_a_Chair_is_All_You_Need,62
RPlog_A_Churban_Reunion_of_Sorts,337
RPlog_A_Cunning_Plan,103
RPlog_A_Dark_Secret,269
RPlog_A_Deal_with_the_Devil,315
RPlog_A_Debt_is_Incurred,153
RPlog_A_Decision,9
RPlog_A_Deserted_Star_Destroyer,31
RPlog_A_Done_Deal,30
RPlog_A_Drink_to_Disaster,375
RPlog_A_Duel_With_the_Cadet,62
RPlog_A_Fallen_Comrade,28
RPlog_A_Fateful_Return,48
RPlog_A_Fickle_Crowd,129
RPlog_A_Fight_with_Kyyel,725
RPlog_A_Forgotten_Star,388
RPlog_A_Friendly_Drink,67
RPlog_A_Furball_and_a_Firebrand,46
RPlog_A_Gathering_of_Shadows,51
RPlog_A_Gentleman_s_Disagreement,50
RPlog_A_Gift_of_Spice,23
RPlog_A_Hunter_Finds_His_Prey,122
RPlog_A_Killer_Reunion,185
RPlog_A_Lady_Displeases_Her_Lord,89
RPlog_A_Late_Night_at_the_Hangar,37
RPlog_A_Leak,136
RPlog_A_Legal_Matter,205
RPlog_A_Lesson_Set_in_Stones,49
RPlog_A_Lesson_Set_in_Stones_Part_II,37
RPlog_A_Little_Respect,426
RPlog_A_Lone_Marine_Demolition_Team,35
RPlog_A_Meeting_at_Roark_s_House,149
RPlog_A_Meeting_with_Dillon_in_Cafe_Abbatoir,77
RPlog_A_Meeting_with_Fate,619
RPlog_A_Meeting_with_Paro,60
RPlog_A_Meeting_with_Sabbath_on_Etti_IV,52
RPlog_A_Meeting_with_the_Minister_of_State,158
RPlog_A_Morning_at_the_Cafe,107
RPlog_A_Most_Unusual_Jawa,318
RPlog_A_N_kosi_Meets_a_Chief,89
RPlog_A_New_Ally,378
RPlog_A_New_Beginning,46
RPlog_A_New_Lightsaber,579
RPlog_A_New_Mission,11
RPlog_A_New_Moon_Rises,227
RPlog_A_New_Team,14
RPlog_A_New_Venture,74
RPlog_A_Night_Away_From_Home,363
RPlog_A_Night_Out_On_Coruscant,76
RPlog_A_Pirate_s_Trap,96
RPlog_A_Place_in_the_Universe,21
RPlog_A_Plan_Unveiled,224
RPlog_A_Plea_from_Orson,261
RPlog_A_Political_Move,288
RPlog_A_Prex_is_Chosen,43
RPlog_A_Prudent_Request,26
RPlog_A_Purpose_for_Us_All,44
RPlog_A_Random_Visit,27
RPlog_A_Ray_of_Hope,299
RPlog_A_Request_for_Assistance,22
RPlog_A_Reunion,186
RPlog_A_Revelation,43
RPlog_A_Second_Attack,96
RPlog_A_Second_Chance_with_Jal_Dana_Part_1,11
RPlog_A_Second_Chance_with_Jal_Dana_Part_2,125
RPlog_A_Shot_Not_Taken,34
RPlog_A_Sith_Interrogation,19
RPlog_A_Smuggler_Walks_Into_a_Bar_Part_1,16
RPlog_A_Smuggler_Walks_Into_a_Bar_Part_2,41
RPlog_A_Smuggler_Walks_Into_a_Bar_Part_3,27
RPlog_A_Statement,15
RPlog_A_Strange_Visitor,90
RPlog_A_Subtle_Exchange,160
RPlog_A_Talk_in_the_Park,226
RPlog_A_Test_of_Steel,36
RPlog_A_Trip_to_Tatooine,445
RPlog_A_Valiant_Rescue_on_Nar_Shaddaa,47
RPlog_A_Valuable_Pawn,1027
RPlog_A_Vision_of_Hope,24
RPlog_A_Visit_from_Drocal_Arconen,346
RPlog_A_Visit_from_Lando,421
RPlog_A_Visit_from_a_Friend,58
RPlog_A_Visit_to_Dreven,219
RPlog_A_Walk_Amongst_the_Plant_Life,19
RPlog_A_Walk_in_the_Park,19
RPlog_A_Wolf_s_New_Den,23
RPlog_A_member_of_the_Rebel_Alliance_and_a_Traitor,61
RPlog_A_merry_ride,37
RPlog_Abandoned_Sith_Factory,125
RPlog_Academic_Pursuits,403
RPlog_Accepting_Help,215
RPlog_Across_the_Force,173
RPlog_Addressing_the_OS_Paladin,267
RPlog_Admissions,52
RPlog_Aftermath_of_the_Crashlanding,79
RPlog_Aggressive_Negotiations,46
RPlog_Aggressive_Negotiations_with_Luke_Skywalker,44
RPlog_Ai_kani_s_Knighting_Ceremony,50
RPlog_Aido_Or,361
RPlog_Alcoholic_Interlude,28
RPlog_All_About_Eva,564
RPlog_All_the_Baron_s_Men,59
RPlog_Alois_vs_Maethor,22
RPlog_Ambushing_Jedi,119
RPlog_An_Abyssal_Union,88
RPlog_An_Ally_Appears,18
RPlog_An_Apprentice_Rises,19
RPlog_An_Assassin_Arrives,12
RPlog_An_Audience_With...,53
RPlog_An_Encounter_on_Tatooine,15
RPlog_An_Evening_s_Entertainment,488
RPlog_An_Evening_to_Remember,342
RPlog_An_Interrogation,279
RPlog_An_Interview_with_a_Spy,18
RPlog_An_Odd_Acquaintance_Turns_into_a_Promising_Endeavor,46
RPlog_An_Offer_She_Can_t_Refuse,251
RPlog_An_Offer_They_Couldn_t_Refuse,27
RPlog_An_Offer_of_Information,32
RPlog_An_Old_Score_with_Solo,82
RPlog_An_Uneventful_Evening,93
RPlog_An_Unexpected_Journey,60
RPlog_An_Unexpected_Visitor,46
RPlog_An_Unlikely_Alliance,85
RPlog_An_Unpleasant_Meeting,21
RPlog_An_Unscrupulous_Undertaking_A_Pound_of_Flesh,23
RPlog_An_Unscrupulous_Undertaking_Atrocious_Arrangements_Pt_1,22
RPlog_An_Unscrupulous_Undertaking_Atrocious_Arrangements_Pt_2,20
RPlog_An_Unscrupulous_Undertaking_Complications,16
RPlog_An_Unscrupulous_Undertaking_Deal_With_the_Devil,31
RPlog_An_Unscrupulous_Undertaking_Infiltration,74
RPlog_An_Unscrupulous_Undertaking_Ominous_Forecast,28
RPlog_An_Unscrupulous_Undertaking_Recruiting,17
RPlog_An_Unscrupulous_Undertaking_Repercussions,18
RPlog_An_Unscrupulous_Undertaking_Reporting_In,16
RPlog_And_That_s_No_Small_Thing,27
RPlog_Angry_Rancor_Deal_Pt_I,18
RPlog_Angry_Rancor_Deal_Pt_II,35
RPlog_Another_Clue,268
RPlog_Another_Fine_Mess,42
RPlog_Another_Late_Night_at_the_Casino,64
RPlog_Another_Round_of_Interrogation,24
RPlog_Apprentice_Revealed,46
RPlog_Aramis_Promoted,11
RPlog_Argon_s_Awards,177
RPlog_Ariana_Millikin_and_Company,204
RPlog_Arrival,92
RPlog_Arrival_on_Myrkr,565
RPlog_Art_Collection,30
RPlog_Art_Therapy,27
RPlog_Art_of_Darkness,25
RPlog_Ash_Seneal_Strikes_Again,530
RPlog_Assassin,941
RPlog_Atsvara_s_Hot_Takes,68
RPlog_Attacked_on_GDIStar,215
RPlog_Attempted_Arrest,119
RPlog_Audience_with_Mighty_Juuka,434
RPlog_Audience_with_a_Senator,22
RPlog_Aurejin_Saves_Jessalyn,375
RPlog_Avalyshaar_Aboard_the_Alderaan,551
RPlog_Avid_and_Sinjon_Torment_Morganna,231
RPlog_Axel_and_Raver,42
RPlog_Axel_and_Tyler_Again,33
RPlog_Axel_and_Tyler_on_Tatooine,29
RPlog_Baby_Steps,19
RPlog_Back_Alley_Politics,22
RPlog_Back_In_the_Fold,46
RPlog_Back_from_Prison,274
RPlog_Back_in_the_Good_Ole_New_Republic,442
RPlog_Bad_Place_for_a_Call,51
RPlog_Ballistic_Equipment_Parts,35
RPlog_Basca_Starker_Meets_Jessalyn_Valios_or_Dr._Jekyll_Decides_to_Woo_a_Jedi,114
RPlog_Basca_Starker_s_Fate,21
RPlog_Basilica_Evacuation,50
RPlog_Battle_Droid_Duel,49
RPlog_Battle_of_Bespin_-_Ground,30
RPlog_Battle_of_Bespin_-_Space,24
RPlog_Battle_of_Bimmiel,115
RPlog_Battle_of_Bothawui_25_ABY,47
RPlog_Battle_of_Bothawui_III_25_ABY,78
RPlog_Battle_of_Bothawui_II_25_ABY,49
RPlog_Battle_of_Bothawui_IV_25_ABY,82
RPlog_Battle_of_Gyndine,62
RPlog_Battle_of_Selene_Part_I,42
RPlog_Battle_of_Selene_Part_II,54
RPlog_Battle_of_Teyr_Part_1,40
RPlog_Battle_of_Teyr_Part_2,52
RPlog_Battle_of_Teyr_Part_3,53
RPlog_Battle_of_Trandosha,96
RPlog_Battle_of_Varonat,44
RPlog_Battle_of_the_Rocks,328
RPlog_Bazil_Revisited,287
RPlog_Beach_Getaway,163
RPlog_Bean_Spilling,684
RPlog_Beers_Cheers_and_Buccaneers,40
RPlog_Beginning_Again,11
RPlog_Bespin_Blows_Up,77
RPlog_Bespin_Cultural_Festival,121
RPlog_Best_Left_Alone,48
RPlog_Beware_Siths_Bearing_Gifts,39
RPlog_Birds_of_a_Feather,28
RPlog_Birthday_Baroness,32
RPlog_Blizzard_Baby,174
RPlog_Blood_Brothers,30
RPlog_Blooming_Chaos,24
RPlog_Blurred_Visions,69
RPlog_Boldness,25
RPlog_Bombardment,18
RPlog_Bombers_Over_Etti_IV,171
RPlog_Borderlines,563
RPlog_Boring_Conversation_Anyway,25
RPlog_Both_Briefing,17
RPlog_Breaking_Point,52
RPlog_Brig_-_Day_Five,88
RPlog_Brig_-_Day_Four,110
RPlog_Brig_-_Day_One,147
RPlog_Brig_-_Day_Three,47
RPlog_Brig_-_Day_Two,72
RPlog_Bringing_in_Brandis,24
RPlog_Burn_Victim_s_Barter,393
RPlog_Burning_Sands,481
RPlog_Buskers,32
RPlog_C_Is_For_Cookey,11
RPlog_Calling_in_on_Old_Friends,45
RPlog_Camerata_Ostile_Blockade_Run,43
RPlog_Candid_Conversation,54
RPlog_Cantina_Chatter,18
RPlog_Capture_Of_A_Marine,50
RPlog_Casino_Royale,94
RPlog_Caspar_Conversation,36
RPlog_Caspar_Welcomes_Us,71
RPlog_Caspar_s_Good_Faith,53
RPlog_Casual_Conversations_in_New_Alderaan,60
RPlog_Cathedral_Factory_Tour,49
RPlog_Cease-Fire_at_Sullust,83
RPlog_Celebration_of_Truth,39
RPlog_Celestine_Cycle_-_And_A_Body_Hits_The_Floor,57
RPlog_Celestine_Cycle_-_Rising_Tensions,66
RPlog_Changed_Friends_and_Near_Death,582
RPlog_Changing_The_Guard,184
RPlog_Chanti_at_a_swoop_race,197
RPlog_Charity_Ball,154
RPlog_Chasing_Shadows,59
RPlog_Chewbacca_Bursts_Through_the_CSA_Defenses,40
RPlog_Chewbacca_Returns_to_Etti_IV,42
RPlog_Chewbacca_and_Roark,554
RPlog_Choices,18
RPlog_Cleared,46
RPlog_Cochran_Invaded,127
RPlog_Coffee_Talk,85
RPlog_Coffee_and_Conversation,44
RPlog_Coffee_and_Hydrospanners,123
RPlog_Come_What_May,62
RPlog_Comfort_Among_Beasts,84
RPlog_Coming_In_From_The_Cold_-_Part_2,50
RPlog_Coming_Unglued,38
RPlog_Commander_Brand_Petitions_for_Pirates,215
RPlog_Common_Thread,37
RPlog_Commute,12
RPlog_Commute_part_2,41
RPlog_Complicated_Motivations,63
RPlog_Confrontation,31
RPlog_Confrontation_with_Morganna,35
RPlog_Connections_Communications_Comfort_and_Conflict,371
RPlog_Considering_Delede_s_Offer,60
RPlog_Conundrum,24
RPlog_Conversation_with_a_Verpine,177
RPlog_Conversations_Act1,46
RPlog_Conversations_Act2,42
RPlog_Conversations_Act3,40
RPlog_Conversations_Act4,37
RPlog_Convincing_Sel_To_Talk_To_Her_Mother,54
RPlog_Convoy_Assault_and_Capture,92
RPlog_Convoy_Lost,81
RPlog_Corellia-Bound,49
RPlog_Corellia_Corellia,112
RPlog_Corellia_Prison_Break,86
RPlog_Corellian_Craziness,155
RPlog_Corellian_Craziness_Aftermath,148
RPlog_Corellian_Slave_Liberation,146
RPlog_Coreshan_and_Morganna,389
RPlog_Coronation_Pre-Game,89
RPlog_Courtesy,69
RPlog_Crashlanding,41
RPlog_Crestian_s_Condolences,9
RPlog_Crew_of_the_Black_Dragon,1287
RPlog_Cry_Baby_Cry,63
RPlog_Culture_on_Myrkr,228
RPlog_Cup_o_Caf_at_Starlight_Studios,330
RPlog_Dangerous_Decisions,189
RPlog_Dangerous_Games,130
RPlog_Dangerous_to_Redheads,313
RPlog_Danik_and_Sandor_Talk,35
RPlog_Danik_s_Trap,92
RPlog_Danik_vs_Ai_kani,54
RPlog_Danik_vs_Sandor,31
RPlog_Dareus_Meets_A_Doppelganger,112
RPlog_Dark_Wedding,84
RPlog_Dathomir_Ambush_Brief,33
RPlog_Dathomir_Raid,99
RPlog_Day_At_The_Cantina,19
RPlog_Daybreak,568
RPlog_Deal_with_the_Falleen,30
RPlog_Death_Sentence_for_a_Padawan,28
RPlog_Death_of_Orson_Tighe,570
RPlog_Death_of_Sabbathius_Osbourne,695
RPlog_Death_of_a_Jedi,34
RPlog_Death_of_a_Planet,65
RPlog_Death_of_an_Imperial,49
RPlog_Death_of_the_Dimlyn_Titan,1
RPlog_Death_of_the_Dimlyn_Titan_IV,1467
RPlog_Declan_and_the_Jedi,183
RPlog_Deep_Space_Skirmish,50
RPlog_Defense_of_Farlex,102
RPlog_Departing_Myrkr,570
RPlog_Depot_Lost,95
RPlog_Depot_Lost_Recon,41
RPlog_Destruction_of_Garrison_Vexed,257
RPlog_Dibar_Tyler_over_Etti_IV,154
RPlog_Dillon_and_Piper_Discuss_Kuxli,130
RPlog_Dining_on_Danger_at_the_Red_Dragon,34
RPlog_Dinner_and_a_wedding,70
RPlog_Discussion_NRI,120
RPlog_Discussions_with_Chewbacca_and_Jessalyn,80
RPlog_Disturber_of_Inner_Peace,230
RPlog_Doctor-Patient_Confidential,76
RPlog_Don_t_Want_Visitors,32
RPlog_Doril_Farnsworth_Commits_High_Treason,20
RPlog_Downtime_at_the_Tatooine_Jedi_School,18
RPlog_Dressing_Room,38
RPlog_Drew_Makes_a_Stand,464
RPlog_Droid_Control_-_The_Ladies_Prefer_Electrum,35
RPlog_Easiest_Job_Ever,21
RPlog_Ecks_File_-_AR-01_-_Promise_of_Pleasure,57
RPlog_Ecks_File_-_JD-01_-_Welcoming_Committee,29
RPlog_Ecks_is_a_Naughty_Boy,43
RPlog_Election_Night_Mayhem,69
RPlog_En_Route_to_Destiny,215
RPlog_EncountARR_in_the_Side_Deck,31
RPlog_Encounter_at_Nak_Shimor,86
RPlog_Encounter_at_Nak_Shimor_pt._2,71
RPlog_Encounter_in_the_Dig,82
RPlog_Encounter_with_Simon_Sezirok,56
RPlog_End_Ceremony,125
RPlog_End_Run,49
RPlog_Enslaved,817
RPlog_Enter_Corellia,30
RPlog_Enter_Darth_Malign,56
RPlog_Enter_The_Rapier,17
RPlog_Enter_the_Hunter,78
RPlog_Ephant_Mon_and_Enb_Zik,29
RPlog_Ephant_Mon_and_Malif,26
RPlog_Escape,33
RPlog_Escape_and_Evasion_Training,138
RPlog_Escape_from_Caspar,191
RPlog_Escape_from_Caspar_Part_1,19
RPlog_Escape_from_Caspar_Part_2,14
RPlog_Escape_from_Kessel,34
RPlog_Escape_with_Simon,351
RPlog_Establishing_Task_Force_Inquisitor,50
RPlog_Eternal_Sunshine_of_A_estshy_s_Mind,31
RPlog_Etiquette_101,490
RPlog_Eva_Sargent,559
RPlog_Everything_With_Your_Testicles_Alright,104
RPlog_Everything_s_Eventual,84
RPlog_Extraction_Race,109
RPlog_Face_Off,56
RPlog_Face_Off_with_Sidi_and_Eson,114
RPlog_Face_to_Face,31
RPlog_Face_to_Face_2,79
RPlog_Fall_From_Grace,284
RPlog_Farewell_Qwynt,91
RPlog_Fashion_Show,146
RPlog_Fay_and_Morganna,367
RPlog_Festival_and_Dance,689
RPlog_Fett_vs_Firecats,67
RPlog_Fight_Dirty_if_it_Comes_to_That,50
RPlog_Finding_Lynae,68
RPlog_Fire_y_tempers_in_the_Burn_Ward,446
RPlog_First_Encounter,43
RPlog_Fist_Full_of_Force_Users,112
RPlog_Fixing_a_Hole,31
RPlog_FleetOps_and_GroundOps_and_StarOps_Oh_My,94
RPlog_Fleming_Interrogates_Sandor,98
RPlog_Fleming_Joins_the_Sith,69
RPlog_Fleming_Tortures_Brandis,91
RPlog_Fleming_Tortures_Kyokusha,71
RPlog_Fleming_s_Abduction,96
RPlog_Fleming_s_Abduction_2,46
RPlog_Fleming_s_Reinsertion_Plan,51
RPlog_Flight_of_the_Corellian,208
RPlog_For_the_Good_of_Caspar,57
RPlog_Forcing_A_Gem_of_Knowledge,39
RPlog_Fortune_Favors_The_Bold,60
RPlog_Fourth_Battle_of_Corellia,153
RPlog_Freezer_Burn,105
RPlog_Friendly_Interrogation,69
RPlog_Friendship_Shaken,25
RPlog_From_Caspar_with_Love,40
RPlog_From_Diplomat_to_Spychief,137
RPlog_Full_Circle,46
RPlog_Fun_With_Ozzle_and_Sinjon,60
RPlog_Funeral_for_a_Ghost,29
RPlog_Futile_Research_-_Arrival,46
RPlog_Futile_Research_-_Checking_In,35
RPlog_Futile_Research_-_Presentation,28
RPlog_Futile_Research_-_Reading,82
RPlog_Futile_Research_-_Reading_2,42
RPlog_Futile_Research_-_Reading_3,63
RPlog_Futile_Research_-_Runaway,47
RPlog_Gackt_and_Kreldin,14
RPlog_Gallery_Opening,62
RPlog_Garat_and_Stalh,113
RPlog_Garbage_to_Deal_With,44
RPlog_Ghastly_Gala,130
RPlog_Ghastly_Gala_Episode_2,32
RPlog_Giles_Vermillion,1222
RPlog_Giving_Counsel_to_the_Jordains,50
RPlog_Glitterstim_Withdrawal,100
RPlog_Glowblue_Noodles,33
RPlog_Good_Morning_Myrkr,478
RPlog_Good_Old-Fashioned_Business,50
RPlog_Green_Clouds_Over_Mon_Cal,23
RPlog_Greeting_the_Newcomers,44
RPlog_Griffons_Betrayal_and_a_Mandalorian_Plant,963
RPlog_Ground_Battle_on_Cochran,84
RPlog_Ground_Battle_on_Sullust,255
RPlog_Gruel_n_Company,271
RPlog_Guest_of_the_Empire_part_1,59
RPlog_Guest_of_the_Empire_part_2,36
RPlog_Guest_of_the_Empire_part_3,35
RPlog_Guest_of_the_Empire_part_4,53
RPlog_Guest_of_the_Empire_part_5,29
RPlog_Guest_of_the_Empire_part_6,20
RPlog_Guest_of_the_Empire_part_7,23
RPlog_Gustaf_Heram_s_Arrival,64
RPlog_HIMS_Predator_Day_1,90
RPlog_HIMS_Predator_Day_2,25
RPlog_HIMS_Predator_Day_3,14
RPlog_HIMS_Predator_Day_4,48
RPlog_Han_Solo_s_Return,607
RPlog_Han_s_Admission,848
RPlog_Han_s_Nightmares,450
RPlog_Han_s_Rescue,121
RPlog_Hangars_Hazards_Hangovers,88
RPlog_Harsh_Realities,27
RPlog_He_Did_It,71
RPlog_He_Was_Doing_You_A_Favour,19
RPlog_Headaches_and_Hangovers,260
RPlog_Headed_for_Hijarna,357
RPlog_Healing_on_Calamari,259
RPlog_Hey_Mister_Tally-Man_tally_me_stolen_cargo,36
RPlog_Hide_and_Seek,17
RPlog_Hindsight_is_20_20,41
RPlog_Hiring_the_Caterer,40
RPlog_Homeward_Bound,91
RPlog_Honor_Among_Killers,237
RPlog_Hooch_and_Planning,46
RPlog_Hope_Renewed,15
RPlog_Hope_for_Peace,22
RPlog_How_Much_is_Too_Much,37
RPlog_Hunter_Becomes_Corrupter,89
RPlog_Hunter_on_Call,15
RPlog_Hunting_Kyokusha_and_Thrask,86
RPlog_Hutt_Palace_Raid,105
RPlog_I_Know_She_Cheats_at_Cards,31
RPlog_I_Was_Only_Passing_Through,29
RPlog_Identification,15
RPlog_If_You_Plant_Them_They_Will_Grow,11
RPlog_Ignition,63
RPlog_Imperator_Circle_Crestian_Tracer,28
RPlog_Imperial_Assault_on_Caspar,921
RPlog_Imperial_Awards_Ceremony,73
RPlog_Imperial_Clampdown,111
RPlog_Imperial_Clemency,118
RPlog_Imperial_Gala_Continued,124
RPlog_Imperial_Interrogation,35
RPlog_Imperial_Negotiations,59
RPlog_Imperial_Raid_on_Coruscant,200
RPlog_In_Her_Own_Skin,34
RPlog_In_Mourning,41
RPlog_In_the_Atrium,204
RPlog_In_the_Heart_of_a_Wroshyr_Tree,208
RPlog_In_the_Jungle,58
RPlog_In_the_Sewers,349
RPlog_Interesting_Developments,30
RPlog_Interlude,78
RPlog_Interpreting_the_Vision,346
RPlog_Interrogation_-_Face_Off,64
RPlog_Interrogation_-_Tell_the_Truth,52
RPlog_Interrogation_Training_Day_1_-_Liza_Molokai,75
RPlog_Interrogation_Training_Day_2_-_Liza_Molokai,48
RPlog_Interrogation_Training_Day_3_-_Xy_lear_Dagnmith,39
RPlog_Interrogation_of_Korynn_Part_1,51
RPlog_Interrogation_of_Korynn_Part_2,34
RPlog_Interrupted_Lesson,354
RPlog_Into_Coruscant,29
RPlog_Into_The_Nexu_Den,64
RPlog_Into_the_Fray,45
RPlog_Into_the_Imperial_Embassy,44
RPlog_Into_the_Trap,127
RPlog_Into_the_Underworld,89
RPlog_Introduction_to_Serenella,38
RPlog_It_s_Just_a_Flesh_Wound,59
RPlog_It_s_Lorn_Rhys,32
RPlog_Jailbreak,82
RPlog_Jairen_Stops_a_Thief,464
RPlog_Jamon_s_Abduction,228
RPlog_Jedi_Lessons,324
RPlog_Jedi_Purge_-_Aubrey_s_Death,45
RPlog_Jedi_Purge_-_Cort_versus_Ethan,56
RPlog_Jedi_Purge_-_Priti_s_Death,59
RPlog_Jedi_Under_Glass,18
RPlog_Jessa_Drops_a_Bomb,45
RPlog_Jessalyn_Meets_Leia,108
RPlog_Jessalyn_and_the_Force,242
RPlog_Jessalyn_s_Dream,487
RPlog_Jessalyn_s_Hardest_Lesson,241
RPlog_Johanna_Disembodied,44
RPlog_Johanna_Has_a_Ball_on_Bespin,222
RPlog_Johanna_Must_Be_Saved,28
RPlog_Johanna_is_a_Witch,128
RPlog_Johanna_s_Senate_Hearing,87
RPlog_Joir_and_Adlerson,197
RPlog_Joir_in_Command,91
RPlog_Judgement_Passed,36
RPlog_Juran_s_Interrogation,63
RPlog_Just_Play_the_Game,39
RPlog_Justice,106
RPlog_K_tyyri_Meets_Rasi,65
RPlog_Karaoke,162
RPlog_Karrde_Gang_s_Great_Escape,96
RPlog_Karrde_Visits,213
RPlog_Karrde_and_Joir,273
RPlog_Kashyyyk_Infiltration,95
RPlog_Kashyyyk_Intel,10
RPlog_Kidnapped_on_GDIStar,402
RPlog_Kidnapping_Brandis,32
RPlog_Kidnapping_Celo,14
RPlog_Korolov_s_Senate_Bombing,181
RPlog_Korynn_is_Discovered_at_Selene,58
RPlog_Krieg..._to_the_Rescue,18
RPlog_Kubaz_Trandoshan_and_Wookiee,37
RPlog_Lady_Alora_Antieres,1109
RPlog_Landing_on_Cochran,76
RPlog_Last_Night_on_Kichnar,1435
RPlog_Leamer,654
RPlog_Lecture_on_Imperial_Leadership,25
RPlog_Left_Unsaid,33
RPlog_Leia_s_Advice,95
RPlog_Lessons_Learned_-_Part_1,61
RPlog_Lessons_Learned_-_Part_2,56
RPlog_Lessons_Learned_-_Part_3,18
RPlog_Let_the_Tour_Begin,149
RPlog_Letting_the_Chips_Fall,22
RPlog_Life_Begins_Young,38
RPlog_Lightsaber_Lesson,207
RPlog_Line_In_The_Sand,29
RPlog_Liquid_Breakfast,76
RPlog_Little_Storyteller,71
RPlog_Liza_s_Morning_After,50
RPlog_Local_Law,104
RPlog_Loki_s_Confession,24
RPlog_Looking_For_Old_Soldiers,95
RPlog_Lost_Fingers,62
RPlog_Love_Story_on_Caspar,36
RPlog_Love_s_Recovery,177
RPlog_Lover_s_Quarrel_in_the_Dome,90
RPlog_Luke_Skywalker_to_the_Rescue,124
RPlog_Luke_and_Jessalyn,196
RPlog_Luke_and_Leia_versus_Sabbath,553
RPlog_Luke_and_the_Noghri,327
RPlog_Luke_s_Apology,100
RPlog_Luke_s_Response,144
RPlog_Luke_s_Return,566
RPlog_Lunch_With_a_Legend,28
RPlog_Lynae_s_Arrival,18
RPlog_Lynae_s_Homecoming,58
RPlog_M_M,32
RPlog_Make_Way_I_am_a_Doctor,52
RPlog_Making_New_Friends_Part_1,43
RPlog_Making_New_Friends_Part_2,41
RPlog_Making_it_Official,207
RPlog_Malign_Visit,14
RPlog_Malign_and_the_Holocron,26
RPlog_Man-to-Man,288
RPlog_Mandalore_-_Arrival,852
RPlog_Mandalore_-_Departure,609
RPlog_Mandalore_-_Disturbing_Delays,316
RPlog_Mandalore_-_Second_Day,747
RPlog_Mandalore_-_Striking_Out,1496
RPlog_Mandalore_-_Testing_Ground,1163
RPlog_Mandalore_-_Tunneling_Out,1352
RPlog_Many_Thoughts_Little_Words,58
RPlog_Marching_Orders,28
RPlog_Markus_and_the_Force,72
RPlog_Marshalling_Resources,42
RPlog_Masquerade_Ball_A_Night_on_Yavin,44
RPlog_Masquerade_Ball_A_Night_on_Yavin_Part_1,112
RPlog_Masquerade_Ball_A_Night_on_Yavin_Part_2,78
RPlog_Masquerade_Ball_A_Night_on_Yavin_Part_3,64
RPlog_Masquerade_Ball_A_Night_on_Yavin_Part_4,69
RPlog_Masquerade_Ball_A_Night_on_Yavin_Part_5,39
RPlog_Mayhem_Aboard_OS_Paladin,78
RPlog_Meals_and_Deals,69
RPlog_Meaning_of_the_Dark_Side,34
RPlog_Medical_Consultation,53
RPlog_Meet_Brek,71
RPlog_Meet_Kyyel,45
RPlog_Meet_Rainer,29
RPlog_Meet_Shenner,215
RPlog_Meeting_Adlerson,64
RPlog_Meeting_Between_the_Headlines,23
RPlog_Meeting_Brandis_Finian,25
RPlog_Meeting_Johanna,35
RPlog_Meeting_On_Kashyyyk,29
RPlog_Meeting_With_Sinjon_Teague,686
RPlog_Meeting_on_the_Sly,180
RPlog_Meeting_with_Draga,25
RPlog_Meeting_with_Naten,37
RPlog_Meeting_with_Petra_and_Davyd,88
RPlog_Meeting_with_Tyler_on_Etti_IV,20
RPlog_Mind_The_Stacks,23
RPlog_Mira_s_First_Lesson,47
RPlog_Miracles_and_Mayhem,283
RPlog_Mission_to_Forlec,174
RPlog_Mission_to_Ord_Mantell,92
RPlog_Mistaken_Identity,30
RPlog_Monster,470
RPlog_Morganna_Reveals_A_Source,129
RPlog_Morganna_and_Rellik,56
RPlog_Morganna_in_Love,113
RPlog_Morganna_in_the_Hospital,78
RPlog_Morganna_s_Detox,69
RPlog_Morning_Caf,34
RPlog_Morrison_and_Joir,274
RPlog_Motherhood,77
RPlog_Mourning,195
RPlog_Mourning_Johanna,68
RPlog_Mr._Karrde_and_Mr._Kreldin,35
RPlog_Much_Too_Frightened_to_Tease_a_Padawan,27
RPlog_Muera_la_revolucion,22
RPlog_Mutual_Understanding,24
RPlog_Muun_Money_Minute_-_Greater_Javin,37
RPlog_Myiari_Just_Can_t_Hack_It,28
RPlog_Myiari_s_Date,32
RPlog_NRI_Interro_Montage,323
RPlog_Nar_Shaddaa_-_Sabrina_s_Rescue_1,52
RPlog_Nar_Shaddaa_-_Sabrina_s_Rescue_2,108
RPlog_Nar_Shaddaa_-_Sabrina_s_Rescue_3,68
RPlog_Nar_Shaddaa_Infiltration,93
RPlog_Nar_Shaddaa_Philosophy,42
RPlog_Narrow_Escape,697
RPlog_Nasiri_Hires_Quinne,19
RPlog_Near_Capture_Escape_From_Tyy_sun,19
RPlog_Nelhrn_s_Loyalty,55
RPlog_Neo-Empire_Attacks_Kashyyyk,698
RPlog_Neutral_Ground,94
RPlog_Neverending_Nightmare,88
RPlog_New_Beginnings,31
RPlog_New_Blood_in_the_Ministry,40
RPlog_New_Republic_Counter-Attack,80
RPlog_Nexu_Hunting_-_Part_1,25
RPlog_Nexu_Hunting_-_Part_2,30
RPlog_Nodes_on_the_Web,239
RPlog_Nonaggression_Treaty,31
RPlog_Not_My_Kind_of_Archaeology_Kithan_Lost_Her_Marbles,51
RPlog_Not_My_Kind_of_Archaeology_The_Unwelcome_Visitor,67
RPlog_Nothin_but_a_family_thing,24
RPlog_Nothing_Goes_As_Planned,40
RPlog_Of_Diplomacy_and_Reprisal,129
RPlog_Of_Ships_and_Sentients_Butchers_and_Arrivals_-_part_1,32
RPlog_Of_Ships_and_Sentients_Butchers_and_Arrivals_-_part_2,70
RPlog_Of_Ships_and_Sentients_Butchers_and_Arrivals_-_part_3,11
RPlog_On_Dathomir,45
RPlog_On_Ord_Mantell,16
RPlog_One_Bad_Day,103
RPlog_Opening_Ceremony,503
RPlog_Operation_Nova,1177
RPlog_Operation_Shado_Kolpo_-_Fifth_Wave,122
RPlog_Operation_Shado_Kolpo_-_First_Wave,45
RPlog_Operation_Shado_Kolpo_-_Fourth_Wave,1
RPlog_Orson_and_the_Force,392
RPlog_Orson_s_Departure,206
RPlog_Orson_s_First_Lesson,296
RPlog_Orson_s_Warning,208
RPlog_Orson_s_Wild_Ride,394
RPlog_Orson_the_Artist,218
RPlog_Orson_the_Technician,164
RPlog_Our_Private_Aftermath,16
RPlog_Out_of_the_Frying_Pan,74
RPlog_Out_of_the_Sewer_Into_the_Fire,119
RPlog_Outpost_Ambush,32
RPlog_Oversight,15
RPlog_Painfully_Stubborn,204
RPlog_Palace_Business,47
RPlog_Palace_Business_part_2,55
RPlog_Palpatine_Seduces_Jessalyn,21
RPlog_Parley_For_Brandis_-_Part_1,31
RPlog_Parley_For_Brandis_-_Part_2,63
RPlog_Parley_For_Brandis_-_Part_3,65
RPlog_Parley_For_Brandis_-_Part_4,38
RPlog_Party_Planning_and_Other_Pursuits,116
RPlog_Party_Triggered,28
RPlog_Party_at_the_Manor,251
RPlog_Paul_Nighman_s_Letter,525
RPlog_Paving_a_Road_to_Hell,619
RPlog_Perfectly_Balanced_as_All_Things_Should_Be,164
RPlog_Physical_Therapy,18
RPlog_Pilots_and_Children_s_Theatre,33
RPlog_Piper_Speaks_with_Kuxli,43
RPlog_Piper_s_Guards_Shoot_Kuxli,81
RPlog_Pirates_and_Pork,43
RPlog_Plan_of_Action,151
RPlog_Playing_Politician,50
RPlog_Playing_for_Time,84
RPlog_Poisoning_Incident,161
RPlog_Poisoning_Incident_Take_Two,354
RPlog_Political_Repercussions,108
RPlog_Positions_of_Power,41
RPlog_Post-Surgery,42
RPlog_Post_Mortem,43
RPlog_Power_Facility_Attack,58
RPlog_Preparation_of_the_Jedi,109
RPlog_Prison_Break_Gone_Wrong,99
RPlog_Prison_Visitations,38
RPlog_Prize_Awards_Shooting_Contest,332
RPlog_Promotion_to_Wing_Commander,14
RPlog_Prophecy,409
RPlog_Propositions_Preludes_and_Promises,412
RPlog_Psychology_101,214
RPlog_Punishment,80
RPlog_Punishment_for_the_Prodigal,672
RPlog_Question_Answered,19
RPlog_Rage_out,76
RPlog_Raid_of_the_Abyssal_Ruins,51
RPlog_Raid_on_Tatooine,33
RPlog_Random_Act_of_Unprovoked_Kindness,16
RPlog_Raxis_At_the_Medbay,36
RPlog_Raxis_Gets_Pinned,19
RPlog_Raxis_Gets_Shot_Down,45
RPlog_Re-Education_Begins,42
RPlog_Reckoning,42
RPlog_Reclaiming_Coruscant,314
RPlog_Recon_into_Dac,59
RPlog_Recovery,63
RPlog_Reenlistment,48
RPlog_Reflections_and_Revelations,107
RPlog_Regroup_and_Reconvene,76
RPlog_Rehab_Discovery,55
RPlog_Relocation_relocation_relocation,49
RPlog_Renaissance_of_Innovation,97
RPlog_Rendezvous_with_Karrde,551
RPlog_Reporting_Lance,27
RPlog_Republic_Senate_Session,78
RPlog_Rescue_of_Danik_Kreldin,115
RPlog_Rescued_In_Transit,64
RPlog_Resign_or_Retire,39
RPlog_Retribution_-_A_Risky_Plan_for_the_Orphans,76
RPlog_Retribution_-_Defending_the_Malevolence,57
RPlog_Retribution_-_Evacuation_of_the_Orphans,44
RPlog_Retribution_-_Jedi_and_Sith_Duel,36
RPlog_Retribution_-_Protecting_Jedi_Artifacts,60
RPlog_Retribution_-_The_Empire_Wedges_In,133
RPlog_Retribution_-_The_Fall_of_Palliata_Station,50
RPlog_Return_Home,251
RPlog_Return_of_a_Jedi_Part_I,744
RPlog_Return_of_a_Jedi_Part_II,466
RPlog_Return_of_the_Prodigal_Son,115
RPlog_Return_to_Renaal_IV,36
RPlog_Reunion,319
RPlog_Reunion_and_Redirection,94
RPlog_Reunion_of_Old_Friends,374
RPlog_Reunion_with_the_Princess,379
RPlog_Revealing_Secrets,421
RPlog_Revelations_to_Antoine_Dareus,44
RPlog_Revenge,32
RPlog_Revenge_in_the_Subway,44
RPlog_Revisiting_Colonel_Virda,64
RPlog_Revolutions_End,310
RPlog_Right_Place_But_Wrong_Time,50
RPlog_Right_of_Return,38
RPlog_Rise_of_the_Lizard_King,71
RPlog_Ritual_of_Darkness,289
RPlog_Room_Service,33
RPlog_Rules_and_Regulations,165
RPlog_Rumours_and_old_friends,42
RPlog_Runther_Interviews_Piper,105
RPlog_S.O.S.,117
RPlog_SW1_Log_1999-10-31-1,23
RPlog_SW1_Log_1999-10-31-2,38
RPlog_SW1_Log_1999-11-02,3
RPlog_SW1_Log_1999-12-06,30
RPlog_SW1_Log_1999-12-08-1,22
RPlog_SW1_Log_1999-12-09,33
RPlog_SW1_Log_1999-12-11,23
RPlog_SW1_Log_1999-12-21,11
RPlog_SW1_Log_1999-12-22,43
RPlog_SW1_Log_2000-01-05,52
RPlog_SW1_Log_2000-01-11,172
RPlog_SW1_Log_2000-01-15,51
RPlog_SW1_Log_2000-01-16,23
RPlog_SW1_Log_2000-01-19-2,38
RPlog_SW1_Log_2000-01-19,29
RPlog_SW1_Log_2000-01-24,36
RPlog_SW1_Log_2000-01-30,45
RPlog_SW1_Log_2000-02-05,73
RPlog_SW1_Log_2000-02-09-S,91
RPlog_SW1_Log_2000-02-15,57
RPlog_SW1_Log_2000-05-17,476
RPlog_SW1_Log_2000-05-19,51
RPlog_SW1_Log_2000-05-20,191
RPlog_SW1_Log_2000-05-21-1,218
RPlog_SW1_Log_2000-05-21-2,560
RPlog_SW1_Log_2000-05-22-1,90
RPlog_SW1_Log_2000-05-22-2,99
RPlog_SW1_Log_2000-05-22-3,337
RPlog_SW1_Log_2000-05-24-1,337
RPlog_SW1_Log_2000-05-24-2,128
RPlog_SW1_Log_2000-05-24-3,176
RPlog_SW1_Log_2000-05-25-1,432
RPlog_SW1_Log_2000-05-25-2,362
RPlog_SW1_Log_2000-05-30-1,164
RPlog_SW1_Log_2000-05-30-2,332
RPlog_SW1_Log_2000-06-03,655
RPlog_SW1_Log_2000-06-04-1,283
RPlog_SW1_Log_2000-06-08,75
RPlog_SW1_Log_2000-06-09-1,186
RPlog_SW1_Log_2000-06-09-2,216
RPlog_SW1_Log_2000-06-10-1,378
RPlog_SW1_Log_2000-06-10-2,204
RPlog_SW1_Log_2000-06-10-3,296
RPlog_SW1_Log_2000-06-10-4,197
RPlog_SW1_Log_2000-06-10-5,222
RPlog_SW1_Log_2000-06-11-1,142
RPlog_SW1_Log_2000-06-12-1,167
RPlog_SW1_Log_2000-06-12-2,93
RPlog_SW1_Log_2000-06-15-1,314
RPlog_SW1_Log_2000-06-16,583
RPlog_SW1_Log_2000-06-19,320
RPlog_SW1_Log_2000-06-20,268
RPlog_SW1_Log_2000-06-22-1,55
RPlog_SW1_Log_2000-06-22-2,318
RPlog_SW1_Log_2000-06-25,223
RPlog_SW1_Log_2000-08-05,71
RPlog_SW1_Log_2000-08-07-1,155
RPlog_SW1_Log_2000-08-07-2,238
RPlog_SW1_Log_2000-08-07-3,198
RPlog_SW1_Log_2000-08-07-4,428
RPlog_SW1_Log_2000-08-08-1,90
RPlog_SW1_Log_2000-08-08-2,147
RPlog_SW1_Log_2000-08-08-3,294
RPlog_SW1_Log_2000-08-09,301
RPlog_SW1_Log_2000-08-10,187
RPlog_SW1_Log_2000-08-14,313
RPlog_SW1_Log_2000-09-20,13
RPlog_SW1_Log_2001-01-05,90
RPlog_SW1_Log_2001-01-09,54
RPlog_SW1_Log_2001-04-06,109
RPlog_SW1_Log_2007-06-16,30
RPlog_SW1_Log_spencer.rptest,1
RPlog_Sabacc_Tournament,82
RPlog_Sabrina_s_Capture_by_Boba_Fett,31
RPlog_Salt_Shaker,320
RPlog_Saving_Grace,244
RPlog_Scaven_the_Merciless,45
RPlog_Sean_Dillon_Returns_to_Etti_IV,298
RPlog_Second_Battle_of_Mon_Calamari_First_Assault,173
RPlog_Second_Battle_of_Mon_Calamari_Second_Assault,94
RPlog_Secret_Service_Supper,45
RPlog_Seductions,395
RPlog_See_Arissa_Run,59
RPlog_Seeking_a_Sponsor,48
RPlog_Selene_Day_Space_Battle_Royal,27
RPlog_Selene_Day_Space_Race,47
RPlog_Selene_Day_s_Wookiee_Hunt,97
RPlog_Semantics,12
RPlog_Senate_Assembled,210
RPlog_Senatorial_Inquiry,28
RPlog_Seneal_s_Funhouse,482
RPlog_Sensing_Orson,180
RPlog_Serenella_Talks_To_Her_Mother,52
RPlog_Serenella_and_Shael-The_Brawl,60
RPlog_Serenella_and_Shael-The_Trial,161
RPlog_Serenella_and_Shael-The_Verdict,44
RPlog_Setting_Things_In_Motion,23
RPlog_Settling_In,56
RPlog_Severed_Connections,159
RPlog_Shape_of_My_Heart,97
RPlog_Shenner_Comes_to_Palanhi,379
RPlog_Shindig_on_Corellia,219
RPlog_Shootout_on_Palanhi,451
RPlog_Shopping_Sightseeing_Fighting_off_Thugs,368
RPlog_Shopping_with_Sith,43
RPlog_Showdown_Briefing,20
RPlog_Showdown_at_Cochran,124
RPlog_Siege_of_the_Military_Base,81
RPlog_Sightseeing_New_Alderaan,57
RPlog_Simon_Meets_Cort,57
RPlog_Simon_Meets_Cort_Part_2,34
RPlog_Simon_Meets_Luke,54
RPlog_Simon_Sezirok_Fights_CorSec,64
RPlog_Simon_Sezirok_Meets_Markus_Lisardis,78
RPlog_Simon_and_Jessalyn,228
RPlog_Simon_and_Karrde,316
RPlog_Simon_and_Satine,39
RPlog_Simon_s_Fate,590
RPlog_Simon_the_Zealot_Simon_the_Martyr,242
RPlog_Simone_Drake_Meets_with_Sabbath,50
RPlog_Simulated_Evacuation,114
RPlog_Sinister_Stranger,273
RPlog_Sith_Convention,90
RPlog_Sith_Politics,548
RPlog_Sithly_Stroll_in_the_Park,64
RPlog_Siths_and_Stones_...,368
RPlog_Skeezix_s_Wife,585
RPlog_Skirmish_at_Gyndine,29
RPlog_Skirmish_at_Kashyyyk,147
RPlog_Skirmish_at_Larni,122
RPlog_Small_Depot_Defense,54
RPlog_Smuggler_s_Folly_Part_1,27
RPlog_Smuggler_s_Folly_Part_2,23
RPlog_Snips_and_Snails,125
RPlog_Snowball_Fight,237
RPlog_So_It_Begins,99
RPlog_Soft_Open,71
RPlog_Sojourn_on_the_Guardian,44
RPlog_Some_New_Help,71
RPlog_Someone_Needs_New_Duds,67
RPlog_Something_Amiss,17
RPlog_Something_s_Going_To_Get_You,23
RPlog_Soren_Face_Lift,34
RPlog_Sowing_the_Seeds_of_Revolution,98
RPlog_Spa_Treatment,269
RPlog_Speech_for_the_Students,77
RPlog_Spencer_RP_Test,125
RPlog_Spies_Scalpels_and_Soap_Operas,80
RPlog_Spiran_Rescue,52
RPlog_Spycraft_-_Part_1,59
RPlog_Spycraft_-_Part_1_-_Day_2,36
RPlog_Spycraft_-_The_Planning,42
RPlog_Spycraft_-_The_Viewing,64
RPlog_Squid_Lake_Final_Plans,32
RPlog_Squid_Lake_ISB_Briefing,21
RPlog_Squid_Lake_Infiltrating_Aquarius,23
RPlog_Squid_Lake_The_Eruption,40
RPlog_Squid_Lake_Whaladon_Spark,32
RPlog_Stalh_Meets_Joir,142
RPlog_StarOps_Promotion_Ceremony,60
RPlog_Starker_Keep_s_New_Gardener,35
RPlog_Starting_a_War,23
RPlog_Stating_the_Obvious,42
RPlog_Station_Destruction_Training,80
RPlog_Stiff_Convoy_Defense,61
RPlog_Storm_Front,167
RPlog_Stranded,47
RPlog_Stretching_the_New_Leg,22
RPlog_Subtlety,90
RPlog_Sullustans_and_Stardust,38
RPlog_Supplies_Check,42
RPlog_Surface_Scars_Cut_Deep,187
RPlog_Surfing_on_Caspar,197
RPlog_Surgery,44
RPlog_Surprise_Gastus_Went_Boom,63
RPlog_Sweet_Home_Corellia,83
RPlog_Swoop_Fight,125
RPlog_Swoop_Racing_on_Theseus,253
RPlog_Swoop_Racing_with_Selektah,109
RPlog_TCF_is_Born,62
RPlog_Tacuba_the_Hutt_s_Flying_Circus,53
RPlog_Taking_Chances,760
RPlog_Tal_sin_s_Interrogation,11
RPlog_Tal_sin_the_Knight,31
RPlog_Tarroc_s_Dream,204
RPlog_Tattling_in_the_Temple,234
RPlog_Tea_for...Three,294
RPlog_Tea_for_Three,59
RPlog_Templars_Allies_versus_Pirates_-_Part_1,102
RPlog_Templars_Allies_versus_Pirates_-_Part_2,80
RPlog_Temple_Spirits,29
RPlog_Terror_on_Tatooine,391
RPlog_Tet_Contacted,17
RPlog_Teyr_Probe_Pt2,1
RPlog_That_Damned_Stupidly_Heroic_Corellian,384
RPlog_The_Agent,25
RPlog_The_Alderaan,334
RPlog_The_Ambassador_s_New_Clothes,366
RPlog_The_Ambush_of_Lando_Calrissian,87
RPlog_The_Attempted_Arrest_of_Chewbacca,231
RPlog_The_Beastie,23
RPlog_The_Best_In_The_Galaxy,26
RPlog_The_Book,295
RPlog_The_Bounty_Even_Hunters_Avoid,74
RPlog_The_Burial_of_Gavin_Shai,30
RPlog_The_Capital_s_Underworld_A_Night_In_the_Garden,59
RPlog_The_Capital_s_Underworld_All_In_a_Days_Work,54
RPlog_The_Capital_s_Underworld_An_Unexpected_Visit,25
RPlog_The_Capital_s_Underworld_An_Unexpected_Visit_Pt._2,16
RPlog_The_Capital_s_Underworld_Arrest,37
RPlog_The_Capital_s_Underworld_Crooked_Roulette_Pt._2,25
RPlog_The_Capital_s_Underworld_Essence_of_a_Politician,43
RPlog_The_Capital_s_Underworld_Help_From_Abroad,34
RPlog_The_Capital_s_Underworld_Just_Visiting,43
RPlog_The_Capital_s_Underworld_Preponderance_of_Evidence,14
RPlog_The_Capital_s_Underworld_Some_Help,48
RPlog_The_Capital_s_Underworld_The_Constituents,88
RPlog_The_Capital_s_Underworld_The_Final_Meeting,58
RPlog_The_Capital_s_Underworld_The_Ploy,60
RPlog_The_Capital_s_Underworld_The_Second_Message,48
RPlog_The_Capital_s_Underworld_Waiting,20
RPlog_The_Capture_of_Han_Solo,331
RPlog_The_Caspian_Plague,257
RPlog_The_Cat_and_the_Mouse,73
RPlog_The_Chef_s_Special,123
RPlog_The_Closing_Act,379
RPlog_The_Corellia_Vote,34
RPlog_The_Corellian_Harvest_Festival,184
RPlog_The_Crypts_of_Ord_Trasi,39
RPlog_The_Cutting_Edge_Nasiri_Interview,30
RPlog_The_Day_After,113
RPlog_The_Direx_Board_Faces_a_Demand,60
RPlog_The_Doctor_the_Sith_and_the_Presav,110
RPlog_The_Draelis_Inquiry,35
RPlog_The_Empire_s_Tender_Care,45
RPlog_The_Enemy_Within,75
RPlog_The_Escape_from_Ord_Trasi,56
RPlog_The_Ex,27
RPlog_The_Fall_of_Coreshan,80
RPlog_The_Fate_of_Sabrina_and_Johanna,34
RPlog_The_First_Vision,285
RPlog_The_Force_Hurts,490
RPlog_The_General,36
RPlog_The_Granny_Ensign,13
RPlog_The_Great_Escape,88
RPlog_The_Gyndine_Debriefing,18
RPlog_The_Hoodwinked_Baron,133
RPlog_The_Humble_Senator,32
RPlog_The_Imperator_s_Coronation,59
RPlog_The_Infiltration,75
RPlog_The_Inquisitor_Makes_a_House_Call,41
RPlog_The_Interrogation_of_Han_Solo,144
RPlog_The_Jedi_Converge,538
RPlog_The_Knock_on_the_door,467
RPlog_The_Last_Happy_Night,311
RPlog_The_Leviathian_of_Ord_Trasi,61
RPlog_The_Lost_and_Found,362
RPlog_The_Making_of_an_apprentice,199
RPlog_The_Man_in_Black,17
RPlog_The_Mikassa_Incident,65
RPlog_The_Mission_the_Fracas,60
RPlog_The_Morning_After,46
RPlog_The_Musician_and_the_News-Caster-Thingy,32
RPlog_The_Mysterious_Ms._Starling,31
RPlog_The_Naom_Char_Incident,156
RPlog_The_New_Imperium_and_the_Sector,21
RPlog_The_Next_Morning_and_Dark_Conversations,130
RPlog_The_Penance_of_Lynae_Cassius,87
RPlog_The_Prex_is_Dead_Long_Live_the_Prex,60
RPlog_The_Price_Of_Tea,160
RPlog_The_Price_of_Failure,23
RPlog_The_Price_of_Freedom,21
RPlog_The_Prisoner,30
RPlog_The_Prodigal_Son,392
RPlog_The_Proposal,248
RPlog_The_Reactivation_of_Ambassador_Delgard,52
RPlog_The_Recruitment_of_Sidina,19
RPlog_The_Red_Line_Express,170
RPlog_The_Republic_Retreats,53
RPlog_The_Rescue_of_Lando_Calrissian,63
RPlog_The_Rescue_of_Lynae,132
RPlog_The_Right_Price,29
RPlog_The_Search_Begins,22
RPlog_The_Second_Battle_of_Chandrila,103
RPlog_The_Short_Victorious_Prex,79
RPlog_The_Sin_of_a_Selas,142
RPlog_The_Start_of_it_All,16
RPlog_The_Suicide_Attempt,557
RPlog_The_Third_Battle_of_Coruscant_Part_I,75
RPlog_The_Third_Battle_of_Coruscant_Part_II,88
RPlog_The_Trandoshan_Expedition,101
RPlog_The_Trip_to_Ord_Trasi,28
RPlog_The_Trip_to_Ord_Trasi_Part_2,65
RPlog_The_Truth_About_Lady_Alora,202
RPlog_The_Truth_Comes_Out,38
RPlog_The_Vichten_Estate,41
RPlog_The_Wargames_Begin,60
RPlog_The_Weak_Point,234
RPlog_The_Wookiee_Leaks,244
RPlog_Theft_on_Etti_IV,54
RPlog_Third_Battle_of_Kessel,386
RPlog_Third_Battle_of_Mon_Calamari_-_Opening_Moves,119
RPlog_This_Means_War,16
RPlog_Thrask_at_the_Cantina,21
RPlog_Three_Point_Landing,74
RPlog_Three_s_a_Crowd,41
RPlog_Thumbs,61
RPlog_Tidepool_Adventure,182
RPlog_To_Corellia,22
RPlog_To_Fake_A_Death,17
RPlog_To_Hire_a_Smuggler,190
RPlog_To_Hire_a_Smuggler_Part_three,120
RPlog_To_Hire_a_Smuggler_Part_two,24
RPlog_To_Kill_A_Karrde_Part_1,40
RPlog_To_Kill_A_Karrde_Part_2,56
RPlog_To_Kill_A_Mockingbird,53
RPlog_To_Walk_the_Plank,52
RPlog_To_the_Sith,28
RPlog_Toil_and_Trouble,491
RPlog_Tonight_there_s_gonna_be_a_jailbreak,65
RPlog_Torin_Vorl,154
RPlog_Torments_and_Temptations,339
RPlog_Touch_of_the_Dark_Side,117
RPlog_Touchdown,531
RPlog_Training_Day,45
RPlog_Traitor,29
RPlog_Traitor_s_Redemption,40
RPlog_Transfer_of_Command,46
RPlog_Trapped_in_Trinumvira,527
RPlog_Trial_by_Fire,99
RPlog_Triangle,290
RPlog_Triumphant_Return_or_Maybe_Not,197
RPlog_Trouble_on_Cloud_City_Part_One,25
RPlog_Trouble_on_Cloud_City_Part_Two_--_Malign_s_Court,141
RPlog_Trouble_on_Palanhi,491
RPlog_Troublesome_Female_Jedi,76
RPlog_Troublesome_Ozzle,263
RPlog_Troy_and_Joir,265
RPlog_Trust_Decay,24
RPlog_Trust_a_Dishonest_Man,24
RPlog_Turning_Solo_Over_to_the_Empire,316
RPlog_Twenty_Years_Hard_Labor,21
RPlog_Two-Night,800
RPlog_Two_for_Tea,26
RPlog_Tyy_sun_Hunt,115
RPlog_Uncaging_the_Canary,662
RPlog_Uncomfortable_Traffic,34
RPlog_Unexpected_Arrival,71
RPlog_Unexpected_Arrivals,118
RPlog_Unexpected_Conversations,154
RPlog_Unexpected_Treasure,405
RPlog_Unfortunate_Escort,14
RPlog_Unusual_Courtesy,40
RPlog_Vacation,318
RPlog_Vendetta_Swoops_Sources,14
RPlog_Very_Interesting...,119
RPlog_Victorious_Return,93
RPlog_Visitation_Hour,51
RPlog_Visitations_from_Obi-Wan,32
RPlog_Visiting_Roark,399
RPlog_Volunteering,15
RPlog_Vornskr_Attack,392
RPlog_Waking_Up,69
RPlog_War_Council,43
RPlog_Wargame_Pregame,44
RPlog_Wartime_Wedding,31
RPlog_We_Are_All_All_of_Us_Dust,118
RPlog_Welcome_Back_to_Caspar,775
RPlog_Welcome_To_NR,47
RPlog_What_We_Become,35
RPlog_What_the...,12
RPlog_When_Caspians_Attack_Part_1,429
RPlog_When_Caspians_Attack_Part_2,41
RPlog_When_Corellians_Meet,46
RPlog_When_It_Rains_It_Pours,31
RPlog_When_It_Rains_It_Pours_-_Part_2,21
RPlog_When_the_Moon_Hits_Your_Eye,39
RPlog_White_Death_Dies,39
RPlog_Who_dare_refuse_a_Sith,19
RPlog_Who_s_Sane_Now,69
RPlog_Who_s_to_Blame,8
RPlog_Winter_Returns_to_NRS_Alderaan,142
RPlog_Women_s_Underwear,26
RPlog_Work_Makes_for_Strange_Company,25
RPlog_Work_Makes_for_Strange_Company_II,71
RPlog_Yavin_4_s_Trap,169
RPlog_You_Wouldn_t_Like_Me_When_I_m_Angry,50
RPlog_Zeebok_s_Great_Escape,93
RPlog_Zik_and_Joh_Talk_p1,45
RPlog_Zik_and_Joh_Talk_p2,36
RPlog_Zik_and_Joh_Talk_p3,29
RPlog_talk_A_Lone_Marine_Demolition_Team,7
RPlog_talk_Battle_of_Bimmiel,1
RPlog_talk_Chanti_at_a_swoop_race,1
RPlog_talk_Cochran_Invaded,2
RPlog_talk_Direx_Board_Meets_New_FLS_Head_retcon,5
RPlog_talk_Downtime_at_the_Tatooine_Jedi_School,4
RPlog_talk_Ephant_Mon_and_Malif,2
RPlog_talk_Exercise_on_Caspar,5
RPlog_talk_Greeting_the_Newcomers,1
RPlog_talk_Hiring_Zahrin,4
RPlog_talk_Retribution_-_Jedi_and_Sith_Duel,1
RPlog_talk_Revolutions_End,6
RPlog_talk_Skirmish_at_Larni,12
RPlog_talk_Surprise_Gastus_Went_Boom,5
RPlog_talk_Tarroc_s_Dream,0
RPlog_talk_The_Cat_and_the_Mouse,8
RPlog_talk_The_Direx_Board_Faces_a_Demand,9
RPlog_talk_The_Nar_Shaddaa_Space_Battle,2
